Image1,Image2,Result
b90f6c7e57f955032456d1e9016cd4a2,0e56ddab03713f143a0a32154df1deac,0.623618238430292
b90f6c7e57f955032456d1e9016cd4a2,0e56ddab03713f143a0a32154df1deac,0.818802978293413
